Bill No,Bill Date,Bill Time,Item,POS Code,Qty
B-10022,27/08/2026,18:00,Johnnie Walker Black Label,SEED-SEED-JW-BLK-750-30,1
B-10023,27/08/2026,19:17,johnnie walker black label,,2
B-10024,27/08/2026,20:34,SEED-SEED-JW-BLK-750-30,SEED-SEED-JW-BLK-750-30,3
B-10025,27/08/2026,21:40,House Special Mocktail,,2
B-10026,28/08/2026,19:00,johnnie walker black label,,2
B-10027,28/08/2026,20:17,SEED-SEED-JW-BLK-750-30,SEED-SEED-JW-BLK-750-30,3
B-10028,28/08/2026,21:34,Jack Daniel's Tennessee Whiskey,SEED-SEED-JD-750-30,1
B-10029,28/08/2026,22:51,jack daniel's tennessee whiskey,,2
B-10030,29/08/2026,20:00,SEED-SEED-JW-BLK-750-30,SEED-SEED-JW-BLK-750-30,3
B-10031,29/08/2026,21:17,Jack Daniel's Tennessee Whiskey,SEED-SEED-JD-750-30,1
B-10032,29/08/2026,22:34,jack daniel's tennessee whiskey,,2
B-10033,29/08/2026,18:51,SEED-SEED-JD-750-30,SEED-SEED-JD-750-30,3
B-10034,29/08/2026,19:08,Absolut Vodka,SEED-SEED-ABS-750-30,1
B-10035,30/08/2026,21:00,Jack Daniel's Tennessee Whiskey,SEED-SEED-JD-750-30,1
B-10036,30/08/2026,22:17,jack daniel's tennessee whiskey,,2
B-10037,30/08/2026,18:34,SEED-SEED-JD-750-30,SEED-SEED-JD-750-30,3
B-10038,31/08/2026,22:00,jack daniel's tennessee whiskey,,2
B-10039,31/08/2026,18:17,SEED-SEED-JD-750-30,SEED-SEED-JD-750-30,3
B-10040,31/08/2026,19:34,Absolut Vodka,SEED-SEED-ABS-750-30,1
B-10041,31/08/2026,20:51,absolut vodka,,2
B-10042,01/09/2026,18:00,SEED-SEED-JD-750-30,SEED-SEED-JD-750-30,3
B-10043,01/09/2026,19:17,Absolut Vodka,SEED-SEED-ABS-750-30,1
B-10044,01/09/2026,20:34,absolut vodka,,2
B-10045,01/09/2026,21:51,SEED-SEED-ABS-750-30,SEED-SEED-ABS-750-30,3
B-10046,01/09/2026,22:08,Smirnoff Vodka,SEED-SEED-SMIR-750-30,1
B-10047,02/09/2026,19:00,Absolut Vodka,SEED-SEED-ABS-750-30,1
B-10048,02/09/2026,20:17,absolut vodka,,2
B-10049,02/09/2026,21:34,SEED-SEED-ABS-750-30,SEED-SEED-ABS-750-30,3
B-10050,03/09/2026,20:00,absolut vodka,,2
B-10051,03/09/2026,21:17,SEED-SEED-ABS-750-30,SEED-SEED-ABS-750-30,3
B-10052,03/09/2026,22:34,Smirnoff Vodka,SEED-SEED-SMIR-750-30,1
B-10053,03/09/2026,18:51,smirnoff vodka,,2
B-10054,04/09/2026,21:00,SEED-SEED-ABS-750-30,SEED-SEED-ABS-750-30,3
B-10055,04/09/2026,22:17,Smirnoff Vodka,SEED-SEED-SMIR-750-30,1
B-10056,04/09/2026,18:34,smirnoff vodka,,2
B-10057,04/09/2026,19:51,SEED-SEED-SMIR-750-30,SEED-SEED-SMIR-750-30,3
B-10058,04/09/2026,20:08,Old Monk Rum,SEED-SEED-OM-750-30,1
B-10059,05/09/2026,22:00,Smirnoff Vodka,SEED-SEED-SMIR-750-30,1
B-10060,05/09/2026,18:17,smirnoff vodka,,2
B-10061,05/09/2026,19:34,SEED-SEED-SMIR-750-30,SEED-SEED-SMIR-750-30,3
B-10062,06/09/2026,18:00,smirnoff vodka,,2
B-10063,06/09/2026,19:17,SEED-SEED-SMIR-750-30,SEED-SEED-SMIR-750-30,3
B-10064,06/09/2026,20:34,Old Monk Rum,SEED-SEED-OM-750-30,1
B-10065,06/09/2026,21:51,old monk rum,,2
B-10066,06/09/2026,21:40,Nachos Platter,,2
B-10067,07/09/2026,19:00,SEED-SEED-SMIR-750-30,SEED-SEED-SMIR-750-30,3
B-10068,07/09/2026,20:17,Old Monk Rum,SEED-SEED-OM-750-30,1
B-10069,07/09/2026,21:34,old monk rum,,2
B-10070,07/09/2026,22:51,SEED-SEED-OM-750-30,SEED-SEED-OM-750-30,3
B-10071,07/09/2026,18:08,Bacardi Carta Blanca,SEED-SEED-BAC-750-30,1
B-10072,08/09/2026,20:00,Old Monk Rum,SEED-SEED-OM-750-30,1
B-10073,08/09/2026,21:17,old monk rum,,2
B-10074,08/09/2026,22:34,SEED-SEED-OM-750-30,SEED-SEED-OM-750-30,3
B-10075,09/09/2026,21:00,old monk rum,,2
B-10076,09/09/2026,22:17,SEED-SEED-OM-750-30,SEED-SEED-OM-750-30,3
B-10077,09/09/2026,18:34,Bacardi Carta Blanca,SEED-SEED-BAC-750-30,1
B-10078,09/09/2026,19:51,bacardi carta blanca,,2
B-10079,10/09/2026,22:00,SEED-SEED-OM-750-30,SEED-SEED-OM-750-30,3
B-10080,10/09/2026,18:17,Bacardi Carta Blanca,SEED-SEED-BAC-750-30,1
B-10081,10/09/2026,19:34,bacardi carta blanca,,2
B-10082,10/09/2026,20:51,SEED-SEED-BAC-750-30,SEED-SEED-BAC-750-30,3
B-10083,10/09/2026,21:08,Blenders Pride,SEED-SEED-BP-750-30,1
B-10084,11/09/2026,18:00,Bacardi Carta Blanca,SEED-SEED-BAC-750-30,1
B-10085,11/09/2026,19:17,bacardi carta blanca,,2
B-10086,11/09/2026,20:34,SEED-SEED-BAC-750-30,SEED-SEED-BAC-750-30,3
B-10087,12/09/2026,19:00,bacardi carta blanca,,2
B-10088,12/09/2026,20:17,SEED-SEED-BAC-750-30,SEED-SEED-BAC-750-30,3
B-10089,12/09/2026,21:34,Blenders Pride,SEED-SEED-BP-750-30,1
B-10090,12/09/2026,22:51,blenders pride,,2
B-10091,13/09/2026,20:00,SEED-SEED-BAC-750-30,SEED-SEED-BAC-750-30,3
B-10092,13/09/2026,21:17,Blenders Pride,SEED-SEED-BP-750-30,1
B-10093,13/09/2026,22:34,blenders pride,,2
B-10094,13/09/2026,18:51,SEED-SEED-BP-750-30,SEED-SEED-BP-750-30,3
B-10095,13/09/2026,19:08,Royal Challenge,SEED-SEED-RC-750-30,1
B-10096,14/09/2026,21:00,Blenders Pride,SEED-SEED-BP-750-30,1
B-10097,14/09/2026,22:17,blenders pride,,2
B-10098,14/09/2026,18:34,SEED-SEED-BP-750-30,SEED-SEED-BP-750-30,3
B-10099,15/09/2026,22:00,blenders pride,,2
B-10100,15/09/2026,18:17,SEED-SEED-BP-750-30,SEED-SEED-BP-750-30,3
B-10101,15/09/2026,19:34,Royal Challenge,SEED-SEED-RC-750-30,1
B-10102,15/09/2026,20:51,royal challenge,,2
B-10103,16/09/2026,18:00,SEED-SEED-BP-750-30,SEED-SEED-BP-750-30,3
B-10104,16/09/2026,19:17,Royal Challenge,SEED-SEED-RC-750-30,1
B-10105,16/09/2026,20:34,royal challenge,,2
B-10106,16/09/2026,21:51,SEED-SEED-RC-750-30,SEED-SEED-RC-750-30,3
B-10107,16/09/2026,22:08,Jameson Irish Whiskey,SEED-SEED-JAM-750-30,1
B-10108,16/09/2026,21:40,Cigarette Pack,,2
B-10109,17/09/2026,19:00,Royal Challenge,SEED-SEED-RC-750-30,1
B-10110,17/09/2026,20:17,royal challenge,,2
B-10111,17/09/2026,21:34,SEED-SEED-RC-750-30,SEED-SEED-RC-750-30,3
B-10112,18/09/2026,20:00,royal challenge,,2
B-10113,18/09/2026,21:17,SEED-SEED-RC-750-30,SEED-SEED-RC-750-30,3
B-10114,18/09/2026,22:34,Jameson Irish Whiskey,SEED-SEED-JAM-750-30,1
B-10115,18/09/2026,18:51,jameson irish whiskey,,2
B-10116,19/09/2026,21:00,SEED-SEED-RC-750-30,SEED-SEED-RC-750-30,3
B-10117,19/09/2026,22:17,Jameson Irish Whiskey,SEED-SEED-JAM-750-30,1
B-10118,19/09/2026,18:34,jameson irish whiskey,,2
B-10119,19/09/2026,19:51,SEED-SEED-JAM-750-30,SEED-SEED-JAM-750-30,3
B-10120,19/09/2026,20:08,Tanqueray London Dry Gin,SEED-SEED-TQ-750-30,1
B-10121,20/09/2026,22:00,Jameson Irish Whiskey,SEED-SEED-JAM-750-30,1
B-10122,20/09/2026,18:17,jameson irish whiskey,,2
B-10123,20/09/2026,19:34,SEED-SEED-JAM-750-30,SEED-SEED-JAM-750-30,3
B-10124,21/09/2026,18:00,jameson irish whiskey,,2
B-10125,21/09/2026,19:17,SEED-SEED-JAM-750-30,SEED-SEED-JAM-750-30,3
B-10126,21/09/2026,20:34,Tanqueray London Dry Gin,SEED-SEED-TQ-750-30,1
B-10127,21/09/2026,21:51,tanqueray london dry gin,,2
B-10128,22/09/2026,19:00,SEED-SEED-JAM-750-30,SEED-SEED-JAM-750-30,3
B-10129,22/09/2026,20:17,Tanqueray London Dry Gin,SEED-SEED-TQ-750-30,1
B-10130,22/09/2026,21:34,tanqueray london dry gin,,2
B-10131,22/09/2026,22:51,SEED-SEED-TQ-750-30,SEED-SEED-TQ-750-30,3
B-10132,22/09/2026,18:08,Johnnie Walker Black Label,SEED-SEED-JW-BLK-750-30,1
B-10133,23/09/2026,20:00,Tanqueray London Dry Gin,SEED-SEED-TQ-750-30,1
B-10134,23/09/2026,21:17,tanqueray london dry gin,,2
B-10135,23/09/2026,22:34,SEED-SEED-TQ-750-30,SEED-SEED-TQ-750-30,3
B-10136,24/09/2026,21:00,tanqueray london dry gin,,2
B-10137,24/09/2026,22:17,SEED-SEED-TQ-750-30,SEED-SEED-TQ-750-30,3
B-10138,24/09/2026,18:34,Johnnie Walker Black Label,SEED-SEED-JW-BLK-750-30,1
B-10139,24/09/2026,19:51,johnnie walker black label,,2
B-10140,25/09/2026,22:00,SEED-SEED-TQ-750-30,SEED-SEED-TQ-750-30,3
B-10141,25/09/2026,18:17,Johnnie Walker Black Label,SEED-SEED-JW-BLK-750-30,1
B-10142,25/09/2026,19:34,johnnie walker black label,,2
B-10143,25/09/2026,20:51,SEED-SEED-JW-BLK-750-30,SEED-SEED-JW-BLK-750-30,3
B-10144,25/09/2026,21:08,Jack Daniel's Tennessee Whiskey,SEED-SEED-JD-750-30,1
